"ResponseId","RecordedDate","Q2.1","Q2.2","Q3.1","Q3.3","Q4.4_1","Q4.4_2","Q4.4_3","Q4.4_4","Q4.4_5","Q4.4_6","Q4.4_7","Q4.4_8","Q4.5","Q4.6_1","Q4.6_2","Q4.6_3","Q4.6_4","Q4.6_5","Q4.6_6","Q4.6_7","Q4.6_8","Q4.7_1","Q4.7_2","Q4.7_3","Q4.7_4","Q4.7_5","Q4.7_6","Q4.7_7","Q4.7_9","Q4.8","Q5.1","Q5.3","Q6.1_1","Q6.1_2","Q6.1_3","Q6.1_4","Q6.1_5","Q6.1_6","Q6.1_7","Q6.1_8","Q6.2","Q6.3_1","Q6.3_2","Q6.3_3","Q6.3_4","Q6.3_5","Q6.4_1","Q6.4_2","Q6.4_3","Q6.4_4","Q6.4_5","Q6.5","Q6.6_1","Q6.6_2","Q6.6_3","Q6.6_4","Q6.6_5","Q6.7_1","Q6.7_2","Q6.7_3","Q6.7_4","Q6.7_5","Q6.7_6","Q6.8","Q6.9","Q6.10"
"Response ID","Recorded Date","I am aware of the data collection methods used in this survey and consent to my anonymised responses being used for research purposes or posted publicly.","A subset of survey respondents will be contacted for follow-up interviews, to help us better understand how to better support socialising and networking for particular types of attendees, such as junior researchers. Would you be willing to participate in an interview to elaborate on your experiences participating in CHI Down Under and other similar virtual events?","What is your gender? - Selected Choice","Which category best describes your employment or student enrolment over the past 12 months? - Selected Choice","Which sessions did you attend (partially or fully) at CHI Down Under? (Select all that apply) - Paper sessions","Which sessions did you attend (partially or fully) at CHI Down Under? (Select all that apply) - Late Breaking Work (Poster) sessions","Which sessions did you attend (partially or fully) at CHI Down Under? (Select all that apply) - Keynote sessions","Which sessions did you attend (partially or fully) at CHI Down Under? (Select all that apply) - Panel sessions","Which sessions did you attend (partially or fully) at CHI Down Under? (Select all that apply) - Social event - Main room","Which sessions did you attend (partially or fully) at CHI Down Under? (Select all that apply) - Social event - Jazz music room","Which sessions did you attend (partially or fully) at CHI Down Under? (Select all that apply) - Opening session","Which sessions did you attend (partially or fully) at CHI Down Under? (Select all that apply) - Closing session","Were you planning to attend CHI 2020 in Hawaii (before the COVID-19 restrictions led to the conference’s cancellation)?","Because CHI 2020 was cancelled, the single conference was effectively divided into multiple 'localised' (e.g. region- or university-specific) events like CHI Down Under. How did you feel about CHI 2020 being divided into localised events? (Select all that apply) - Selected Choice - I would have much preferred to attend CHI 2020 in person in Hawaii","Because CHI 2020 was cancelled, the single conference was effectively divided into multiple 'localised' (e.g. region- or university-specific) events like CHI Down Under. How did you feel about CHI 2020 being divided into localised events? (Select all that apply) - Selected Choice - I was grateful that I didn’t have to travel to Hawaii to present or attend part of the conference","Because CHI 2020 was cancelled, the single conference was effectively divided into multiple 'localised' (e.g. region- or university-specific) events like CHI Down Under. How did you feel about CHI 2020 being divided into localised events? (Select all that apply) - Selected Choice - I was disappointed because I had arranged to bring my family, partner or friend to Hawaii","Because CHI 2020 was cancelled, the single conference was effectively divided into multiple 'localised' (e.g. region- or university-specific) events like CHI Down Under. How did you feel about CHI 2020 being divided into localised events? (Select all that apply) - Selected Choice - I  preferred the localised events like CHI Down Under instead of attending the global event","Because CHI 2020 was cancelled, the single conference was effectively divided into multiple 'localised' (e.g. region- or university-specific) events like CHI Down Under. How did you feel about CHI 2020 being divided into localised events? (Select all that apply) - Selected Choice - I missed not having the opportunity to network with the international CHI community in person","Because CHI 2020 was cancelled, the single conference was effectively divided into multiple 'localised' (e.g. region- or university-specific) events like CHI Down Under. How did you feel about CHI 2020 being divided into localised events? (Select all that apply) - Selected Choice - I enjoyed being able to continue with my daily routine while also participating in the event","Because CHI 2020 was cancelled, the single conference was effectively divided into multiple 'localised' (e.g. region- or university-specific) events like CHI Down Under. How did you feel about CHI 2020 being divided into localised events? (Select all that apply) - Selected Choice - I have no preference either way","Because CHI 2020 was cancelled, the single conference was effectively divided into multiple 'localised' (e.g. region- or university-specific) events like CHI Down Under. How did you feel about CHI 2020 being divided into localised events? (Select all that apply) - Selected Choice - Other (Please specify)","Why not? (Select all that apply) - Selected Choice - I didn’t have the research funds available","Why not? (Select all that apply) - Selected Choice - I wasn’t presenting a paper","Why not? (Select all that apply) - Selected Choice - I couldn’t justify the time","Why not? (Select all that apply) - Selected Choice - I have caring or health responsibilities/issues that prevent or restrict me from travelling","Why not? (Select all that apply) - Selected Choice - I wasn’t interested in attending the whole event","Why not? (Select all that apply) - Selected Choice - I didn’t know the conference was happening","Why not? (Select all that apply) - Selected Choice - I am trying to reduce my level of work-related travel","Why not? (Select all that apply) - Selected Choice - Other (specify)","Did you attend any other 'localised' (e.g. region- or university-specific) events related to CHI 2020 other than CHI Down Under? - Selected Choice","Have you previously attended CHI or another Human-Computer Interaction (HCI) conference?","How would you rate your experience of participating in CHI Down Under?","What issues did you experience connecting with presenters or other conference attendees during CHI Down Under? (Select all that apply) - Selected Choice - I didn’t experience any issues","What issues did you experience connecting with presenters or other conference attendees during CHI Down Under? (Select all that apply) - Selected Choice - The zoom rooms were too crowded to make connections with people","What issues did you experience connecting with presenters or other conference attendees during CHI Down Under? (Select all that apply) - Selected Choice - I felt intimidated or reluctant to post or ask questions in front of everyone","What issues did you experience connecting with presenters or other conference attendees during CHI Down Under? (Select all that apply) - Selected Choice - I felt intimidated or reluctant to approach presenters after the presentations to start a conversation","What issues did you experience connecting with presenters or other conference attendees during CHI Down Under? (Select all that apply) - Selected Choice - I sent private messages in the Zoom chat window but didn’t receive a reply","What issues did you experience connecting with presenters or other conference attendees during CHI Down Under? (Select all that apply) - Selected Choice - I experienced technology issues (e.g. poor connection or unfamiliarity with applications)","What issues did you experience connecting with presenters or other conference attendees during CHI Down Under? (Select all that apply) - Selected Choice - I couldn’t see the other person’s face in the poster room (in Mozilla Hubs)","What issues did you experience connecting with presenters or other conference attendees during CHI Down Under? (Select all that apply) - Selected Choice - Other (Please specify)","Did you stay in or rejoin any of the zoom rooms that were left open after sessions had officially ended?","What did you do in these zoom rooms? (Select all that apply) - Selected Choice - Asked a presenter or session chair a question","What did you do in these zoom rooms? (Select all that apply) - Selected Choice - Engaged in informal conversation with other participants or presenters","What did you do in these zoom rooms? (Select all that apply) - Selected Choice - Listened to the conversations taking place in these rooms","What did you do in these zoom rooms? (Select all that apply) - Selected Choice - I left because everyone was silent or there was no one there when I tried to join an out-of-session conversation","What did you do in these zoom rooms? (Select all that apply) - Selected Choice - Other (Please specify)","In general, why did you choose not to stay in the zoom rooms after the sessions? (Select all that apply) - Selected Choice - I liked to take a break from Zoom between sessions","In general, why did you choose not to stay in the zoom rooms after the sessions? (Select all that apply) - Selected Choice - I only dropped in to hear the presentations","In general, why did you choose not to stay in the zoom rooms after the sessions? (Select all that apply) - Selected Choice - I felt intimidated to stay after most others had left","In general, why did you choose not to stay in the zoom rooms after the sessions? (Select all that apply) - Selected Choice - I wanted to be on time for the next session","In general, why did you choose not to stay in the zoom rooms after the sessions? (Select all that apply) - Selected Choice - Other (Please specify)","Did you engage in informal conversations or interactions with people during the conference?","Who did these informal conversations or interactions take place with? (Select all that apply) - Selected Choice - Presenters","Who did these informal conversations or interactions take place with? (Select all that apply) - Selected Choice - Other attendees","Who did these informal conversations or interactions take place with? (Select all that apply) - Selected Choice - Student volunteers","Who did these informal conversations or interactions take place with? (Select all that apply) - Selected Choice - Session chairs","Who did these informal conversations or interactions take place with? (Select all that apply) - Selected Choice - Other (Please specify)","Where did these informal conversations or interactions take place? (Select all that apply) - Selected Choice - Mozilla Hubs poster room","Where did these informal conversations or interactions take place? (Select all that apply) - Selected Choice - In Zoom rooms after official sessions had concluded","Where did these informal conversations or interactions take place? (Select all that apply) - Selected Choice - Via the zoom chat function","Where did these informal conversations or interactions take place? (Select all that apply) - Selected Choice - During the social event","Where did these informal conversations or interactions take place? (Select all that apply) - Selected Choice - Via email or other private messages","Where did these informal conversations or interactions take place? (Select all that apply) - Selected Choice - Via other virtual spaces or messaging platforms (Please specify)","Did CHI Down Under provide you with an opportunity to build, reinvigorate or strengthen your connections with Australian/New Zealand CHI community?","Did you ‘meet’ anyone new (e.g. make personal contact via chat or speak with someone for the first time)?","Do you think any new collaborations or longer-term connections will arise (or have already arisen) from your participation in CHI Down Under"
"R_232nyj01Loa0We7","2020-06-15 17:58:05","Yes","Yes","Man","Full-time","Paper sessions",NA,"Keynote sessions",NA,NA,"Social event - Jazz music room",NA,"Closing session","Yes","I would have much preferred to attend CHI 2020 in person in Hawaii",NA,NA,NA,"I missed not having the opportunity to network with the international CHI community in person","I enjoyed being able to continue with my daily routine while also participating in the event",NA,NA,NA,NA,NA,NA,NA,NA,NA,NA,"No","Yes","Extremely positive",NA,"The zoom rooms were too crowded to make connections with people",NA,"I felt intimidated or reluctant to approach presenters after the presentations to start a conversation",NA,NA,"I couldn’t see the other person’s face in the poster room (in Mozilla Hubs)",NA,"No",NA,NA,NA,NA,NA,NA,"I only dropped in to hear the presentations","I felt intimidated to stay after most others had left",NA,NA,"No",NA,NA,NA,NA,NA,NA,NA,NA,NA,NA,NA,"Yes","Yes","Not sure"
"R_1l451fbRvLsgH4F","2020-06-15 18:35:42","Yes","Yes","Prefer not to say","Other (please specify)",NA,NA,NA,NA,NA,"Social event - Jazz music room",NA,NA,"Yes",NA,"I was grateful that I didn’t have to travel to Hawaii to present or attend part of the conference",NA,NA,NA,NA,NA,"Other (Please specify)",NA,NA,NA,NA,NA,NA,NA,NA,"Yes (Please specify which events)","Yes","Extremely positive",NA,NA,NA,NA,NA,NA,NA,"Other (Please specify)","Yes",NA,NA,NA,NA,"Other (Please specify)",NA,NA,NA,NA,NA,"Yes",NA,NA,NA,"Session chairs","Other (Please specify)",NA,NA,NA,"During the social event",NA,NA,"Yes","Yes","Yes"
"R_1IA7bmRwRIKvUJn","2020-06-15 18:36:11","Yes","Yes","Man","Casual / sessional","Paper sessions","Late Breaking Work (Poster) sessions","Keynote sessions",NA,"Social event - Main room","Social event - Jazz music room",NA,"Closing session","No",NA,NA,NA,NA,NA,NA,NA,NA,NA,"I wasn’t presenting a paper",NA,NA,NA,NA,NA,NA,"No","No","Somewhat positive",NA,"The zoom rooms were too crowded to make connections with people",NA,NA,NA,NA,NA,"Other (Please specify)","Yes",NA,"Engaged in informal conversation with other participants or presenters","Listened to the conversations taking place in these rooms","I left because everyone was silent or there was no one there when I tried to join an out-of-session conversation",NA,NA,NA,NA,NA,NA,"No",NA,NA,NA,NA,NA,NA,NA,NA,NA,NA,NA,"Yes","No","No"
"R_1N4WN7daCu5trOV","2020-06-16 22:50:19","Yes","No","Man","Full-time","Paper sessions",NA,"Keynote sessions",NA,NA,NA,NA,NA,"No",NA,NA,NA,NA,NA,NA,NA,NA,NA,"I wasn’t presenting a paper",NA,NA,"I wasn’t interested in attending the whole event",NA,NA,NA,"No","No","Extremely positive","I didn’t experience any issues",NA,NA,NA,NA,NA,NA,NA,"No",NA,NA,NA,NA,NA,NA,NA,"I felt intimidated to stay after most others had left",NA,NA,"No",NA,NA,NA,NA,NA,NA,NA,NA,NA,NA,NA,"Not sure","No","No"
"R_pc47AyRDrdI4ech","2020-06-16 22:56:57","Yes","Yes","Woman","Full-time","Paper sessions","Late Breaking Work (Poster) sessions",NA,NA,NA,NA,NA,NA,"Yes","I would have much preferred to attend CHI 2020 in person in Hawaii",NA,"I was disappointed because I had arranged to bring my family, partner or friend to Hawaii",NA,"I missed not having the opportunity to network with the international CHI community in person","I enjoyed being able to continue with my daily routine while also participating in the event",NA,NA,NA,NA,NA,NA,NA,NA,NA,NA,"Yes (Please specify which events)","Yes","Somewhat positive",NA,NA,"I felt intimidated or reluctant to post or ask questions in front of everyone","I felt intimidated or reluctant to approach presenters after the presentations to start a conversation",NA,NA,"I couldn’t see the other person’s face in the poster room (in Mozilla Hubs)",NA,"No",NA,NA,NA,NA,NA,NA,"I only dropped in to hear the presentations",NA,NA,NA,"No",NA,NA,NA,NA,NA,NA,NA,NA,NA,NA,NA,"No","No","No"
"R_9KSicW9f06YgexX","2020-06-16 22:57:03","Yes","No","Man","Full-time","Paper sessions","Late Breaking Work (Poster) sessions","Keynote sessions",NA,NA,"Social event - Jazz music room",NA,"Closing session","No",NA,NA,NA,NA,NA,NA,NA,NA,NA,"I wasn’t presenting a paper",NA,NA,NA,NA,NA,NA,"No","No","Somewhat positive",NA,NA,"I felt intimidated or reluctant to post or ask questions in front of everyone",NA,NA,"I experienced technology issues (e.g. poor connection or unfamiliarity with applications)",NA,NA,"Yes",NA,NA,"Listened to the conversations taking place in these rooms",NA,NA,NA,NA,NA,NA,NA,"No",NA,NA,NA,NA,NA,NA,NA,NA,NA,NA,NA,"Yes","Yes","Not sure"
"R_2rPI6R3bLKMT0dQ","2020-06-16 23:00:23","Yes","Yes","Man","Full-time","Paper sessions","Late Breaking Work (Poster) sessions","Keynote sessions","Panel sessions",NA,NA,NA,NA,"Yes","I would have much preferred to attend CHI 2020 in person in Hawaii","I was grateful that I didn’t have to travel to Hawaii to present or attend part of the conference",NA,"I  preferred the localised events like CHI Down Under instead of attending the global event",NA,NA,NA,NA,NA,NA,NA,NA,NA,NA,NA,NA,"No","No","Extremely positive","I didn’t experience any issues",NA,NA,NA,NA,NA,NA,NA,"No",NA,NA,NA,NA,NA,NA,"I only dropped in to hear the presentations",NA,NA,NA,"Yes","Presenters",NA,NA,NA,NA,"Mozilla Hubs poster room",NA,NA,NA,NA,NA,"Yes","No","Not sure"
"R_2c5hZe23LTnkVeu","2020-06-16 23:02:54","Yes","Yes","Woman","Part-time","Paper sessions",NA,"Keynote sessions","Panel sessions",NA,NA,"Opening session","Closing session","No",NA,NA,NA,NA,NA,NA,NA,NA,NA,NA,NA,"I have caring or health responsibilities/issues that prevent or restrict me from travelling",NA,NA,NA,NA,"No","No","Extremely positive","I didn’t experience any issues",NA,NA,NA,NA,NA,NA,NA,"Yes",NA,"Engaged in informal conversation with other participants or presenters","Listened to the conversations taking place in these rooms",NA,NA,NA,NA,NA,NA,NA,"Yes","Presenters","Other attendees",NA,NA,NA,NA,"In Zoom rooms after official sessions had concluded","Via the zoom chat function",NA,NA,NA,"Yes","No","No"
"R_25tGFDNa9iYpXub","2020-06-16 23:06:49","Yes","No","Woman","Full-time","Paper sessions",NA,"Keynote sessions","Panel sessions",NA,NA,"Opening session","Closing session","No",NA,NA,NA,NA,NA,NA,NA,NA,NA,"I wasn’t presenting a paper",NA,NA,NA,NA,"I am trying to reduce my level of work-related travel",NA,"No","Yes","Somewhat positive",NA,"The zoom rooms were too crowded to make connections with people","I felt intimidated or reluctant to post or ask questions in front of everyone","I felt intimidated or reluctant to approach presenters after the presentations to start a conversation",NA,NA,NA,NA,"No",NA,NA,NA,NA,NA,"I liked to take a break from Zoom between sessions",NA,NA,"I wanted to be on time for the next session",NA,"No",NA,NA,NA,NA,NA,NA,NA,NA,NA,NA,NA,"Yes","Yes","Not sure"
"R_3qEi4pxOyVmGlT4","2020-06-16 23:08:24","Yes","No","Man","Full-time","Paper sessions","Late Breaking Work (Poster) sessions","Keynote sessions",NA,NA,NA,"Opening session","Closing session","No",NA,NA,NA,NA,NA,NA,NA,NA,NA,"I wasn’t presenting a paper",NA,NA,NA,NA,NA,NA,"No","Yes","Extremely positive","I didn’t experience any issues",NA,NA,NA,NA,NA,NA,NA,"Yes","Asked a presenter or session chair a question",NA,NA,NA,NA,NA,NA,NA,NA,NA,"Yes",NA,"Other attendees",NA,NA,NA,NA,NA,"Via the zoom chat function",NA,NA,NA,"Yes","No","No"
"R_3OjHJIlB7eUYEHp","2020-06-16 23:09:49","Yes","No","Man","Part-time","Paper sessions",NA,NA,NA,NA,NA,NA,NA,"No",NA,NA,NA,NA,NA,NA,NA,NA,NA,"I wasn’t presenting a paper",NA,NA,NA,NA,NA,NA,"No","Yes","Somewhat positive","I didn’t experience any issues",NA,NA,NA,NA,NA,NA,NA,"No",NA,NA,NA,NA,NA,NA,"I only dropped in to hear the presentations",NA,NA,NA,"No",NA,NA,NA,NA,NA,NA,NA,NA,NA,NA,NA,"No","No","No"
"R_2s1EMgdwpQbLJIN","2020-06-16 23:10:42","Yes","Yes","Woman","Full-time","Paper sessions",NA,"Keynote sessions",NA,NA,"Social event - Jazz music room","Opening session","Closing session","No",NA,NA,NA,NA,NA,NA,NA,NA,NA,"I wasn’t presenting a paper",NA,NA,NA,NA,NA,NA,"No","Yes","Extremely positive",NA,NA,"I felt intimidated or reluctant to post or ask questions in front of everyone","I felt intimidated or reluctant to approach presenters after the presentations to start a conversation",NA,NA,NA,NA,"Yes",NA,NA,"Listened to the conversations taking place in these rooms",NA,NA,NA,NA,NA,NA,NA,"Yes",NA,"Other attendees",NA,NA,NA,NA,NA,"Via the zoom chat function",NA,"Via email or other private messages",NA,"Not sure","Yes","Yes"
"R_d4iwNdNKSzI707n","2020-06-16 23:19:02","Yes","Yes","Man","Full-time","Paper sessions",NA,"Keynote sessions",NA,"Social event - Main room","Social event - Jazz music room","Opening session",NA,"No",NA,NA,NA,NA,NA,NA,NA,NA,"I didn’t have the research funds available","I wasn’t presenting a paper","I couldn’t justify the time","I have caring or health responsibilities/issues that prevent or restrict me from travelling",NA,NA,"I am trying to reduce my level of work-related travel",NA,"No","Yes","Extremely positive","I didn’t experience any issues",NA,"I felt intimidated or reluctant to post or ask questions in front of everyone","I felt intimidated or reluctant to approach presenters after the presentations to start a conversation",NA,NA,"I couldn’t see the other person’s face in the poster room (in Mozilla Hubs)",NA,"Yes",NA,NA,"Listened to the conversations taking place in these rooms",NA,NA,NA,NA,NA,NA,NA,"Yes",NA,"Other attendees",NA,NA,NA,NA,NA,"Via the zoom chat function",NA,"Via email or other private messages",NA,"Not sure","No","No"
"R_1isxJ2zygGCNJ4g","2020-06-16 23:19:14","Yes","No","Man","Full-time","Paper sessions","Late Breaking Work (Poster) sessions","Keynote sessions","Panel sessions",NA,NA,NA,"Closing session","Yes","I would have much preferred to attend CHI 2020 in person in Hawaii",NA,"I was disappointed because I had arranged to bring my family, partner or friend to Hawaii",NA,"I missed not having the opportunity to network with the international CHI community in person",NA,NA,NA,NA,NA,NA,NA,NA,NA,NA,NA,"No","Yes","Somewhat positive",NA,NA,NA,NA,NA,NA,NA,"Other (Please specify)","No",NA,NA,NA,NA,NA,"I liked to take a break from Zoom between sessions","I only dropped in to hear the presentations",NA,NA,NA,"Yes","Presenters","Other attendees","Student volunteers",NA,NA,"Mozilla Hubs poster room",NA,NA,NA,NA,NA,"Yes","Yes","Not sure"
"R_2WJ3hSC8uQXA7MN","2020-06-16 23:55:27","Yes","No","Man","Full-time","Paper sessions",NA,NA,NA,NA,NA,NA,"Closing session","Yes","I would have much preferred to attend CHI 2020 in person in Hawaii",NA,NA,NA,"I missed not having the opportunity to network with the international CHI community in person",NA,NA,NA,NA,NA,NA,NA,NA,NA,NA,NA,"Yes (Please specify which events)","Yes","Extremely positive",NA,NA,NA,"I felt intimidated or reluctant to approach presenters after the presentations to start a conversation",NA,NA,NA,NA,"No",NA,NA,NA,NA,NA,"I liked to take a break from Zoom between sessions",NA,NA,NA,NA,"No",NA,NA,NA,NA,NA,NA,NA,NA,NA,NA,NA,"Not sure","No","No"
"R_3MRqAylqjGh8ZDy","2020-06-17 00:14:11","Yes","Yes","Woman","Part-time","Paper sessions","Late Breaking Work (Poster) sessions","Keynote sessions","Panel sessions","Social event - Main room",NA,"Opening session","Closing session","No",NA,NA,NA,NA,NA,NA,NA,NA,"I didn’t have the research funds available","I wasn’t presenting a paper","I couldn’t justify the time",NA,NA,NA,NA,"Other (specify)","No","Yes","Extremely positive",NA,NA,NA,NA,NA,NA,NA,"Other (Please specify)","No",NA,NA,NA,NA,NA,NA,NA,NA,"I wanted to be on time for the next session",NA,"No",NA,NA,NA,NA,NA,NA,NA,NA,NA,NA,NA,"Yes","Yes","No"
"R_z1iw4yu7oW4ZLWh","2020-06-17 00:19:03","Yes","Yes","Man","Full-time","Paper sessions",NA,"Keynote sessions",NA,NA,NA,"Opening session",NA,"Yes","I would have much preferred to attend CHI 2020 in person in Hawaii",NA,NA,NA,"I missed not having the opportunity to network with the international CHI community in person",NA,NA,NA,NA,NA,NA,NA,NA,NA,NA,NA,"Yes (Please specify which events)","No","Somewhat positive",NA,NA,"I felt intimidated or reluctant to post or ask questions in front of everyone",NA,NA,"I experienced technology issues (e.g. poor connection or unfamiliarity with applications)",NA,NA,"No",NA,NA,NA,NA,NA,"I liked to take a break from Zoom between sessions",NA,NA,"I wanted to be on time for the next session",NA,"No",NA,NA,NA,NA,NA,NA,NA,NA,NA,NA,NA,"Not sure","No","No"
"R_3nirIdgvmtq2FPs","2020-06-17 00:34:19","Yes","No","Man","Other (please specify)",NA,NA,NA,NA,NA,NA,"Opening session",NA,"Yes","I would have much preferred to attend CHI 2020 in person in Hawaii",NA,"I was disappointed because I had arranged to bring my family, partner or friend to Hawaii",NA,"I missed not having the opportunity to network with the international CHI community in person",NA,NA,NA,NA,NA,NA,NA,NA,NA,NA,NA,"No","Yes","Extremely negative",NA,NA,NA,NA,NA,NA,NA,"Other (Please specify)","No",NA,NA,NA,NA,NA,NA,NA,NA,NA,"Other (Please specify)","No",NA,NA,NA,NA,NA,NA,NA,NA,NA,NA,NA,"No","No","No"
"R_3PTsDvkAFXrTJP3","2020-06-17 00:41:27","Yes","Yes","Woman","Full-time","Paper sessions",NA,"Keynote sessions",NA,NA,NA,"Opening session",NA,"No",NA,NA,NA,NA,NA,NA,NA,NA,"I didn’t have the research funds available","I wasn’t presenting a paper",NA,NA,NA,NA,NA,NA,"No","Yes","Extremely positive","I didn’t experience any issues",NA,NA,NA,NA,NA,NA,NA,"No",NA,NA,NA,NA,NA,"I liked to take a break from Zoom between sessions","I only dropped in to hear the presentations",NA,"I wanted to be on time for the next session",NA,"No",NA,NA,NA,NA,NA,NA,NA,NA,NA,NA,NA,"Not sure","No","Not sure"
"R_xs9EyHT5eOZTG3T","2020-06-17 00:57:04","Yes","Yes","Prefer not to say","Full-time","Paper sessions",NA,"Keynote sessions",NA,NA,NA,"Opening session","Closing session","Yes","I would have much preferred to attend CHI 2020 in person in Hawaii",NA,NA,NA,NA,"I enjoyed being able to continue with my daily routine while also participating in the event",NA,NA,NA,NA,NA,NA,NA,NA,NA,NA,"Yes (Please specify which events)","Yes","Somewhat positive","I didn’t experience any issues",NA,NA,NA,NA,NA,NA,NA,"Yes","Asked a presenter or session chair a question","Engaged in informal conversation with other participants or presenters",NA,NA,NA,NA,NA,NA,NA,NA,"Yes","Presenters","Other attendees","Student volunteers","Session chairs",NA,NA,"In Zoom rooms after official sessions had concluded",NA,NA,NA,NA,"Yes","Yes","No"
"R_u7IEIMIwqkQOD4J","2020-06-17 01:57:40","Yes","No","Man","Full-time","Paper sessions",NA,NA,NA,NA,NA,NA,NA,"Yes",NA,"I was grateful that I didn’t have to travel to Hawaii to present or attend part of the conference",NA,NA,"I missed not having the opportunity to network with the international CHI community in person","I enjoyed being able to continue with my daily routine while also participating in the event",NA,NA,NA,NA,NA,NA,NA,NA,NA,NA,"No","Yes","Extremely positive","I didn’t experience any issues",NA,NA,NA,NA,NA,NA,NA,"No",NA,NA,NA,NA,NA,NA,"I only dropped in to hear the presentations",NA,NA,NA,"No",NA,NA,NA,NA,NA,NA,NA,NA,NA,NA,NA,"No","Yes","No"
"R_20ZNgNWZvVbuVsP","2020-06-17 02:30:16","Yes","Yes","Man","Casual / sessional","Paper sessions",NA,"Keynote sessions","Panel sessions",NA,NA,"Opening session",NA,"Yes",NA,"I was grateful that I didn’t have to travel to Hawaii to present or attend part of the conference",NA,NA,"I missed not having the opportunity to network with the international CHI community in person",NA,NA,NA,NA,NA,NA,NA,NA,NA,NA,NA,"No","Yes","Extremely positive",NA,NA,"I felt intimidated or reluctant to post or ask questions in front of everyone",NA,NA,NA,NA,NA,"Yes",NA,NA,"Listened to the conversations taking place in these rooms",NA,NA,NA,NA,NA,NA,NA,"No",NA,NA,NA,NA,NA,NA,NA,NA,NA,NA,NA,"Yes","Yes","Not sure"
"R_2dseAsD8IeYHR3T","2020-06-17 02:46:09","Yes","No","Woman","Part-time",NA,"Late Breaking Work (Poster) sessions",NA,NA,NA,NA,NA,NA,"No",NA,NA,NA,NA,NA,NA,NA,NA,"I didn’t have the research funds available","I wasn’t presenting a paper",NA,NA,NA,NA,NA,NA,"No","Yes","Neither positive nor negative",NA,NA,NA,NA,NA,NA,NA,"Other (Please specify)","No",NA,NA,NA,NA,NA,NA,NA,NA,NA,NA,"No",NA,NA,NA,NA,NA,NA,NA,NA,NA,NA,NA,"No","No","No"
"R_2ayIBsl6yW0LYjr","2020-06-17 02:58:45","Yes","Yes","Man","Other (please specify)","Paper sessions","Late Breaking Work (Poster) sessions","Keynote sessions","Panel sessions",NA,NA,NA,NA,"No",NA,NA,NA,NA,NA,NA,NA,NA,"I didn’t have the research funds available",NA,"I couldn’t justify the time",NA,NA,NA,NA,NA,"No","Yes","Extremely positive","I didn’t experience any issues",NA,NA,NA,NA,NA,NA,NA,"No",NA,NA,NA,NA,NA,NA,"I only dropped in to hear the presentations",NA,NA,NA,"No",NA,NA,NA,NA,NA,NA,NA,NA,NA,NA,NA,"Yes","No","Not sure"
"R_3kzF5RFCtr81mIS","2020-06-17 03:24:18","Yes","Yes","Woman","Full-time","Paper sessions",NA,"Keynote sessions",NA,NA,NA,NA,NA,"No",NA,NA,NA,NA,NA,NA,NA,NA,NA,NA,"I couldn’t justify the time",NA,NA,NA,"I am trying to reduce my level of work-related travel","Other (specify)","Yes (Please specify which events)","Yes","Extremely positive","I didn’t experience any issues",NA,NA,NA,NA,NA,NA,NA,"Yes","Asked a presenter or session chair a question","Engaged in informal conversation with other participants or presenters","Listened to the conversations taking place in these rooms",NA,NA,NA,NA,NA,NA,NA,"Yes","Presenters","Other attendees",NA,NA,NA,NA,"In Zoom rooms after official sessions had concluded",NA,NA,NA,NA,"Yes","Yes","Not sure"
"R_1BreTueBZzDKJCF","2020-06-17 08:10:21","Yes","Yes","Woman","Other (please specify)","Paper sessions",NA,NA,"Panel sessions",NA,NA,NA,NA,"No",NA,NA,NA,NA,NA,NA,NA,NA,"I didn’t have the research funds available","I wasn’t presenting a paper",NA,NA,NA,"I didn’t know the conference was happening",NA,NA,"No","No","Extremely positive","I didn’t experience any issues",NA,NA,NA,NA,NA,NA,NA,"No",NA,NA,NA,NA,NA,NA,"I only dropped in to hear the presentations",NA,NA,"Other (Please specify)","No",NA,NA,NA,NA,NA,NA,NA,NA,NA,NA,NA,"Not sure","No","No"
"R_1GKB79gEPWfHBgq","2020-06-17 08:18:15","Yes","Yes","Man","Other (please specify)","Paper sessions",NA,"Keynote sessions",NA,NA,NA,"Opening session",NA,"No",NA,NA,NA,NA,NA,NA,NA,NA,"I didn’t have the research funds available","I wasn’t presenting a paper",NA,NA,"I wasn’t interested in attending the whole event","I didn’t know the conference was happening",NA,"Other (specify)","No","Yes","Somewhat positive",NA,NA,NA,NA,NA,NA,NA,"Other (Please specify)","No",NA,NA,NA,NA,NA,NA,"I only dropped in to hear the presentations",NA,"I wanted to be on time for the next session","Other (Please specify)","No",NA,NA,NA,NA,NA,NA,NA,NA,NA,NA,NA,"No","No","Not sure"
"R_3qfiydihTwJbohu","2020-06-17 08:23:38","Yes","Yes","Man","Full-time","Paper sessions",NA,NA,NA,NA,NA,"Opening session","Closing session","Yes","I would have much preferred to attend CHI 2020 in person in Hawaii",NA,NA,NA,"I missed not having the opportunity to network with the international CHI community in person",NA,NA,NA,NA,NA,NA,NA,NA,NA,NA,NA,"Yes (Please specify which events)","Yes","Somewhat positive",NA,"The zoom rooms were too crowded to make connections with people",NA,NA,NA,NA,NA,"Other (Please specify)","Yes",NA,"Engaged in informal conversation with other participants or presenters","Listened to the conversations taking place in these rooms",NA,NA,NA,NA,NA,NA,NA,"Yes","Presenters","Other attendees",NA,"Session chairs",NA,NA,"In Zoom rooms after official sessions had concluded","Via the zoom chat function",NA,NA,NA,"Yes","Yes","Not sure"
"R_1eyjWkR88B4w2TV","2020-06-17 16:13:01","Yes","Yes","Woman","Full-time","Paper sessions",NA,"Keynote sessions",NA,NA,NA,NA,NA,"No",NA,NA,NA,NA,NA,NA,NA,NA,"I didn’t have the research funds available","I wasn’t presenting a paper",NA,NA,NA,NA,NA,NA,"Yes (Please specify which events)","Yes","Extremely positive",NA,NA,"I felt intimidated or reluctant to post or ask questions in front of everyone",NA,"I sent private messages in the Zoom chat window but didn’t receive a reply",NA,NA,NA,"No",NA,NA,NA,NA,NA,NA,NA,NA,NA,NA,"Yes","Presenters","Other attendees",NA,NA,NA,NA,"In Zoom rooms after official sessions had concluded","Via the zoom chat function",NA,"Via email or other private messages",NA,"Yes","No","Not sure"
"R_eV5svr9zWBTk157","2020-06-17 17:23:26","Yes","Yes","Man","Full-time","Paper sessions","Late Breaking Work (Poster) sessions","Keynote sessions","Panel sessions",NA,NA,"Opening session",NA,"Yes","I would have much preferred to attend CHI 2020 in person in Hawaii",NA,"I was disappointed because I had arranged to bring my family, partner or friend to Hawaii",NA,"I missed not having the opportunity to network with the international CHI community in person","I enjoyed being able to continue with my daily routine while also participating in the event",NA,NA,NA,NA,NA,NA,NA,NA,NA,NA,"No","Yes","Extremely positive","I didn’t experience any issues",NA,NA,NA,NA,NA,NA,NA,"Yes",NA,"Engaged in informal conversation with other participants or presenters",NA,NA,NA,NA,NA,NA,NA,NA,"Yes","Presenters","Other attendees",NA,"Session chairs",NA,NA,"In Zoom rooms after official sessions had concluded",NA,NA,"Via email or other private messages",NA,"Yes","No","Not sure"
"R_1SRCwbvbYQLT2G5","2020-06-17 17:40:45","Yes","Yes","Man","Full-time",NA,"Late Breaking Work (Poster) sessions","Keynote sessions","Panel sessions",NA,NA,NA,NA,"Yes","I would have much preferred to attend CHI 2020 in person in Hawaii",NA,NA,"I  preferred the localised events like CHI Down Under instead of attending the global event",NA,"I enjoyed being able to continue with my daily routine while also participating in the event",NA,NA,NA,NA,NA,NA,NA,NA,NA,NA,"No","Yes","Extremely positive","I didn’t experience any issues",NA,NA,NA,NA,NA,NA,NA,"No",NA,NA,NA,NA,NA,NA,NA,NA,"I wanted to be on time for the next session",NA,"No",NA,NA,NA,NA,NA,NA,NA,NA,NA,NA,NA,"Yes","No","Yes"
"R_33ygJfIWQAagCaY","2020-06-17 18:41:49","Yes","Yes","Man","Full-time","Paper sessions",NA,"Keynote sessions",NA,NA,NA,NA,NA,"Yes","I would have much preferred to attend CHI 2020 in person in Hawaii",NA,"I was disappointed because I had arranged to bring my family, partner or friend to Hawaii",NA,"I missed not having the opportunity to network with the international CHI community in person",NA,NA,NA,NA,NA,NA,NA,NA,NA,NA,NA,"Yes (Please specify which events)","Yes","Somewhat positive","I didn’t experience any issues","The zoom rooms were too crowded to make connections with people",NA,NA,NA,NA,NA,NA,"No",NA,NA,NA,NA,NA,NA,NA,"I felt intimidated to stay after most others had left",NA,NA,"No",NA,NA,NA,NA,NA,NA,NA,NA,NA,NA,NA,"Not sure","Yes","Not sure"
"R_xGe7SrLGcY05aVz","2020-06-17 18:54:19","Yes","No","Woman","Full-time","Paper sessions",NA,"Keynote sessions",NA,NA,NA,NA,NA,"No",NA,NA,NA,NA,NA,NA,NA,NA,"I didn’t have the research funds available",NA,NA,NA,NA,NA,NA,NA,"No","No","Somewhat positive",NA,NA,NA,NA,NA,"I experienced technology issues (e.g. poor connection or unfamiliarity with applications)",NA,NA,"No",NA,NA,NA,NA,NA,NA,NA,NA,"I wanted to be on time for the next session",NA,"No",NA,NA,NA,NA,NA,NA,NA,NA,NA,NA,NA,"Not sure","No","Not sure"
"R_1r01eL4mld7UQ7U","2020-06-17 20:30:09","Yes","No","Man","Full-time","Paper sessions",NA,"Keynote sessions",NA,NA,NA,NA,NA,"No",NA,NA,NA,NA,NA,NA,NA,NA,NA,"I wasn’t presenting a paper",NA,NA,NA,NA,NA,NA,"No","Yes","Somewhat positive",NA,"The zoom rooms were too crowded to make connections with people","I felt intimidated or reluctant to post or ask questions in front of everyone",NA,NA,NA,"I couldn’t see the other person’s face in the poster room (in Mozilla Hubs)",NA,"No",NA,NA,NA,NA,NA,"I liked to take a break from Zoom between sessions","I only dropped in to hear the presentations","I felt intimidated to stay after most others had left","I wanted to be on time for the next session",NA,"No",NA,NA,NA,NA,NA,NA,NA,NA,NA,NA,NA,"No","No","No"
"R_2uqG8nTt6dM59n3","2020-06-17 20:39:37","Yes","No","Woman","Full-time","Paper sessions","Late Breaking Work (Poster) sessions","Keynote sessions","Panel sessions",NA,NA,"Opening session",NA,"No",NA,NA,NA,NA,NA,NA,NA,NA,"I didn’t have the research funds available","I wasn’t presenting a paper","I couldn’t justify the time",NA,NA,"I didn’t know the conference was happening",NA,NA,"No","No","Extremely positive","I didn’t experience any issues",NA,NA,NA,NA,NA,NA,NA,"No",NA,NA,NA,NA,NA,"I liked to take a break from Zoom between sessions",NA,NA,NA,NA,"No",NA,NA,NA,NA,NA,NA,NA,NA,NA,NA,NA,"Not sure","No","No"
"R_2y4qzCzRvyDqpb9","2020-06-17 21:18:49","Yes","No","Woman","Full-time","Paper sessions",NA,"Keynote sessions","Panel sessions","Social event - Main room","Social event - Jazz music room","Opening session","Closing session","Yes",NA,NA,NA,NA,"I missed not having the opportunity to network with the international CHI community in person","I enjoyed being able to continue with my daily routine while also participating in the event",NA,"Other (Please specify)",NA,NA,NA,NA,NA,NA,NA,NA,"No","Yes","Somewhat positive",NA,"The zoom rooms were too crowded to make connections with people","I felt intimidated or reluctant to post or ask questions in front of everyone",NA,NA,NA,NA,NA,"No",NA,NA,NA,NA,NA,"I liked to take a break from Zoom between sessions",NA,NA,"I wanted to be on time for the next session",NA,"Yes",NA,"Other attendees",NA,NA,NA,NA,NA,"Via the zoom chat function","During the social event","Via email or other private messages",NA,"Yes","No","No"
"R_3Ibe9Te7L5a5xiG","2020-06-17 21:31:27","Yes","No","Woman","Full-time","Paper sessions",NA,"Keynote sessions",NA,NA,NA,NA,NA,"Yes",NA,NA,NA,NA,"I missed not having the opportunity to network with the international CHI community in person","I enjoyed being able to continue with my daily routine while also participating in the event",NA,NA,NA,NA,NA,NA,NA,NA,NA,NA,"Yes (Please specify which events)","Yes","Somewhat positive","I didn’t experience any issues",NA,NA,NA,NA,NA,NA,NA,"Yes","Asked a presenter or session chair a question","Engaged in informal conversation with other participants or presenters","Listened to the conversations taking place in these rooms",NA,NA,NA,NA,NA,NA,NA,"Yes","Presenters","Other attendees",NA,NA,NA,NA,"In Zoom rooms after official sessions had concluded","Via the zoom chat function",NA,"Via email or other private messages",NA,"Yes","Yes","Not sure"
"R_2yqGkPAYb8mINfK","2020-06-17 22:46:04","Yes","Yes","Man","Full-time","Paper sessions",NA,"Keynote sessions",NA,NA,NA,NA,"Closing session","Yes","I would have much preferred to attend CHI 2020 in person in Hawaii",NA,"I was disappointed because I had arranged to bring my family, partner or friend to Hawaii",NA,"I missed not having the opportunity to network with the international CHI community in person",NA,NA,NA,NA,NA,NA,NA,NA,NA,NA,NA,"No","Yes","Somewhat positive","I didn’t experience any issues",NA,NA,NA,NA,NA,NA,NA,"No",NA,NA,NA,NA,NA,"I liked to take a break from Zoom between sessions","I only dropped in to hear the presentations",NA,"I wanted to be on time for the next session",NA,"Yes",NA,"Other attendees",NA,"Session chairs",NA,NA,"In Zoom rooms after official sessions had concluded",NA,NA,NA,NA,"Yes","No","Not sure"
"R_2rua75wgJ5JIZMj","2020-06-17 22:47:00","Yes","Yes","Woman","Full-time","Paper sessions",NA,NA,NA,"Social event - Main room",NA,NA,NA,"No",NA,NA,NA,NA,NA,NA,NA,NA,NA,"I wasn’t presenting a paper",NA,NA,NA,NA,NA,"Other (specify)","No","No","Somewhat positive",NA,"The zoom rooms were too crowded to make connections with people",NA,NA,NA,NA,NA,NA,"Yes","Asked a presenter or session chair a question",NA,NA,NA,NA,NA,NA,NA,NA,NA,"No",NA,NA,NA,NA,NA,NA,NA,NA,NA,NA,NA,"No","Yes","Not sure"
"R_33glLqLlobQP4Ni","2020-06-18 00:57:26","Yes","No","Woman","Full-time",NA,NA,"Keynote sessions","Panel sessions",NA,NA,NA,NA,"No",NA,NA,NA,NA,NA,NA,NA,NA,"I didn’t have the research funds available","I wasn’t presenting a paper",NA,NA,NA,"I didn’t know the conference was happening",NA,NA,"No","Yes","Somewhat positive",NA,NA,"I felt intimidated or reluctant to post or ask questions in front of everyone","I felt intimidated or reluctant to approach presenters after the presentations to start a conversation",NA,NA,NA,NA,"No",NA,NA,NA,NA,NA,"I liked to take a break from Zoom between sessions","I only dropped in to hear the presentations",NA,"I wanted to be on time for the next session",NA,"No",NA,NA,NA,NA,NA,NA,NA,NA,NA,NA,NA,"No","No","No"
"R_4NI1KyaUoLiQiat","2020-06-18 02:19:44","Yes","Yes","Woman","Casual / sessional","Paper sessions",NA,NA,NA,NA,NA,NA,NA,"Yes",NA,NA,NA,NA,"I missed not having the opportunity to network with the international CHI community in person",NA,NA,NA,NA,NA,NA,NA,NA,NA,NA,NA,"No","No","Somewhat positive",NA,NA,NA,NA,NA,"I experienced technology issues (e.g. poor connection or unfamiliarity with applications)",NA,NA,"No",NA,NA,NA,NA,NA,NA,"I only dropped in to hear the presentations",NA,NA,NA,"No",NA,NA,NA,NA,NA,NA,NA,NA,NA,NA,NA,"Not sure","No","Not sure"
"R_2t4KS8IF3QsJ94w","2020-06-18 15:27:32","Yes","No","Woman","Full-time",NA,"Late Breaking Work (Poster) sessions","Keynote sessions",NA,NA,NA,NA,NA,"No",NA,NA,NA,NA,NA,NA,NA,NA,NA,NA,"I couldn’t justify the time",NA,NA,NA,NA,NA,"No","No","Somewhat positive",NA,NA,"I felt intimidated or reluctant to post or ask questions in front of everyone",NA,NA,NA,"I couldn’t see the other person’s face in the poster room (in Mozilla Hubs)",NA,"No",NA,NA,NA,NA,NA,NA,"I only dropped in to hear the presentations",NA,NA,NA,"No",NA,NA,NA,NA,NA,NA,NA,NA,NA,NA,NA,"Not sure","No","Not sure"
"R_2diixGLkAj7Gvov","2020-06-18 20:38:43","Yes","Yes","Woman","Full-time","Paper sessions","Late Breaking Work (Poster) sessions",NA,NA,"Social event - Main room","Social event - Jazz music room","Opening session","Closing session","No",NA,NA,NA,NA,NA,NA,NA,NA,"I didn’t have the research funds available","I wasn’t presenting a paper","I couldn’t justify the time",NA,NA,NA,"I am trying to reduce my level of work-related travel","Other (specify)","Yes (Please specify which events)","Yes","Extremely positive",NA,"The zoom rooms were too crowded to make connections with people",NA,"I felt intimidated or reluctant to approach presenters after the presentations to start a conversation",NA,"I experienced technology issues (e.g. poor connection or unfamiliarity with applications)",NA,"Other (Please specify)","Yes","Asked a presenter or session chair a question",NA,"Listened to the conversations taking place in these rooms",NA,NA,NA,NA,NA,NA,NA,"Yes","Presenters","Other attendees",NA,NA,NA,NA,"In Zoom rooms after official sessions had concluded","Via the zoom chat function",NA,NA,NA,"Not sure","No","No"
"R_3OcX7bEZnJMQehL","2020-06-18 22:19:11","Yes","Yes","Man","Full-time","Paper sessions",NA,"Keynote sessions",NA,NA,NA,NA,NA,"Yes","I would have much preferred to attend CHI 2020 in person in Hawaii",NA,"I was disappointed because I had arranged to bring my family, partner or friend to Hawaii",NA,"I missed not having the opportunity to network with the international CHI community in person",NA,NA,NA,NA,NA,NA,NA,NA,NA,NA,NA,"No","Yes","Somewhat positive","I didn’t experience any issues",NA,NA,NA,NA,NA,NA,NA,"Yes","Asked a presenter or session chair a question",NA,"Listened to the conversations taking place in these rooms",NA,NA,NA,NA,NA,NA,NA,"No",NA,NA,NA,NA,NA,NA,NA,NA,NA,NA,NA,"Yes","Yes","Not sure"
"R_1in8IQFyK1imnom","2020-06-18 22:21:57","Yes","No","Man","Full-time","Paper sessions",NA,"Keynote sessions","Panel sessions",NA,NA,"Opening session",NA,"No",NA,NA,NA,NA,NA,NA,NA,NA,NA,NA,NA,NA,NA,"I didn’t know the conference was happening",NA,NA,"No","Yes","Somewhat positive",NA,NA,NA,"I felt intimidated or reluctant to approach presenters after the presentations to start a conversation",NA,NA,NA,NA,"Yes",NA,"Engaged in informal conversation with other participants or presenters","Listened to the conversations taking place in these rooms",NA,NA,NA,NA,NA,NA,NA,"Yes","Presenters","Other attendees",NA,NA,NA,NA,"In Zoom rooms after official sessions had concluded","Via the zoom chat function",NA,NA,NA,"Yes","Yes","Not sure"
"R_psnfA4yyCVIIr17","2020-06-19 01:53:42","Yes","No","Prefer not to say","Full-time","Paper sessions","Late Breaking Work (Poster) sessions","Keynote sessions","Panel sessions","Social event - Main room","Social event - Jazz music room","Opening session","Closing session","Yes","I would have much preferred to attend CHI 2020 in person in Hawaii",NA,NA,NA,"I missed not having the opportunity to network with the international CHI community in person",NA,NA,NA,NA,NA,NA,NA,NA,NA,NA,NA,"Yes (Please specify which events)","Yes","Somewhat positive","I didn’t experience any issues",NA,NA,NA,NA,NA,"I couldn’t see the other person’s face in the poster room (in Mozilla Hubs)",NA,"Yes",NA,NA,"Listened to the conversations taking place in these rooms",NA,NA,NA,NA,NA,NA,NA,"No",NA,NA,NA,NA,NA,NA,NA,NA,NA,NA,NA,"Not sure","No","Not sure"
"R_3pmUUNg7KNhtTGP","2020-06-19 02:03:30","Yes","Yes","Man","Full-time","Paper sessions","Late Breaking Work (Poster) sessions","Keynote sessions",NA,NA,"Social event - Jazz music room",NA,NA,"Yes",NA,"I was grateful that I didn’t have to travel to Hawaii to present or attend part of the conference",NA,"I  preferred the localised events like CHI Down Under instead of attending the global event","I missed not having the opportunity to network with the international CHI community in person",NA,NA,NA,NA,NA,NA,NA,NA,NA,NA,NA,"No","Yes","Somewhat positive","I didn’t experience any issues",NA,NA,NA,NA,NA,NA,"Other (Please specify)","Yes",NA,"Engaged in informal conversation with other participants or presenters","Listened to the conversations taking place in these rooms",NA,NA,NA,NA,NA,NA,NA,"Yes",NA,"Other attendees","Student volunteers",NA,NA,"Mozilla Hubs poster room",NA,"Via the zoom chat function",NA,NA,NA,"Not sure","Yes","Not sure"
"R_2drOv2nDRCH7sYd","2020-06-19 08:36:55","Yes","Yes","Man","Full-time","Paper sessions",NA,NA,"Panel sessions",NA,NA,NA,NA,"No",NA,NA,NA,NA,NA,NA,NA,NA,"I didn’t have the research funds available","I wasn’t presenting a paper",NA,NA,NA,"I didn’t know the conference was happening",NA,NA,"No","No","Somewhat positive",NA,"The zoom rooms were too crowded to make connections with people",NA,NA,NA,NA,NA,NA,"No",NA,NA,NA,NA,NA,"I liked to take a break from Zoom between sessions",NA,NA,NA,NA,"No",NA,NA,NA,NA,NA,NA,NA,NA,NA,NA,NA,"Yes","Yes","Yes"
"R_3oT2kBJvoIFn4mN","2020-06-19 22:47:27","Yes","Yes","Woman","Full-time","Paper sessions",NA,"Keynote sessions",NA,NA,NA,NA,NA,"Yes","I would have much preferred to attend CHI 2020 in person in Hawaii",NA,NA,NA,"I missed not having the opportunity to network with the international CHI community in person","I enjoyed being able to continue with my daily routine while also participating in the event",NA,NA,NA,NA,NA,NA,NA,NA,NA,NA,"No","Yes","Extremely positive","I didn’t experience any issues",NA,NA,NA,NA,NA,NA,NA,"No",NA,NA,NA,NA,NA,"I liked to take a break from Zoom between sessions","I only dropped in to hear the presentations",NA,NA,NA,"No",NA,NA,NA,NA,NA,NA,NA,NA,NA,NA,NA,"Not sure","No","Not sure"
"R_1GNspCGnyneLRcw","2020-06-21 06:10:01","Yes","No","Woman","Full-time","Paper sessions",NA,NA,"Panel sessions","Social event - Main room",NA,NA,"Closing session","Yes","I would have much preferred to attend CHI 2020 in person in Hawaii",NA,NA,NA,NA,"I enjoyed being able to continue with my daily routine while also participating in the event",NA,NA,NA,NA,NA,NA,NA,NA,NA,NA,"No","Yes","Somewhat positive","I didn’t experience any issues",NA,NA,NA,NA,NA,NA,NA,"No",NA,NA,NA,NA,NA,NA,NA,NA,NA,NA,"Yes",NA,"Other attendees",NA,NA,NA,NA,NA,"Via the zoom chat function",NA,NA,NA,"Yes","Yes","Not sure"
"R_2fw8R4936Fl2pH3","2020-06-22 00:42:55","Yes","Yes","Man","Full-time","Paper sessions",NA,"Keynote sessions","Panel sessions",NA,NA,NA,NA,"Yes","I would have much preferred to attend CHI 2020 in person in Hawaii",NA,NA,NA,"I missed not having the opportunity to network with the international CHI community in person",NA,NA,NA,NA,NA,NA,NA,NA,NA,NA,NA,"No","Yes","Somewhat positive","I didn’t experience any issues",NA,NA,NA,NA,NA,NA,NA,"Yes","Asked a presenter or session chair a question","Engaged in informal conversation with other participants or presenters","Listened to the conversations taking place in these rooms",NA,NA,NA,NA,NA,NA,NA,"Yes","Presenters",NA,"Student volunteers","Session chairs",NA,NA,"In Zoom rooms after official sessions had concluded",NA,NA,NA,NA,"Not sure","Yes","Yes"
"R_3shmLmgVxjEc2CA","2020-06-22 15:47:19","Yes","No","Woman","Full-time","Paper sessions",NA,"Keynote sessions",NA,NA,NA,NA,NA,"No",NA,NA,NA,NA,NA,NA,NA,NA,NA,"I wasn’t presenting a paper","I couldn’t justify the time",NA,"I wasn’t interested in attending the whole event",NA,"I am trying to reduce my level of work-related travel",NA,"No","No","Somewhat positive","I didn’t experience any issues",NA,NA,NA,NA,NA,NA,NA,"No",NA,NA,NA,NA,NA,"I liked to take a break from Zoom between sessions","I only dropped in to hear the presentations",NA,"I wanted to be on time for the next session",NA,"No",NA,NA,NA,NA,NA,NA,NA,NA,NA,NA,NA,"Yes","No","Not sure"
"R_3noQu3kMRMmmcTA","2020-06-22 18:06:48","No","Yes",NA,NA,NA,NA,NA,NA,NA,NA,NA,NA,NA,NA,NA,NA,NA,NA,NA,NA,NA,NA,NA,NA,NA,NA,NA,NA,NA,NA,NA,NA,NA,NA,NA,NA,NA,NA,NA,NA,NA,NA,NA,NA,NA,NA,NA,NA,NA,NA,NA,NA,NA,NA,NA,NA,NA,NA,NA,NA,NA,NA,NA,NA,NA,NA
"R_1f7tPJNSOb5Gvde","2020-06-22 18:54:02",NA,NA,NA,NA,NA,NA,NA,NA,NA,NA,NA,NA,NA,NA,NA,NA,NA,NA,NA,NA,NA,NA,NA,NA,NA,NA,NA,NA,NA,NA,NA,NA,NA,NA,NA,NA,NA,NA,NA,NA,NA,NA,NA,NA,NA,NA,NA,NA,NA,NA,NA,NA,NA,NA,NA,NA,NA,NA,NA,NA,NA,NA,NA,NA,NA,NA
"R_2pQwhl7NS33uu1x","2020-06-23 17:34:45","Yes","No","Man","Full-time","Paper sessions","Late Breaking Work (Poster) sessions","Keynote sessions","Panel sessions",NA,NA,"Opening session",NA,"Yes","I would have much preferred to attend CHI 2020 in person in Hawaii",NA,NA,NA,"I missed not having the opportunity to network with the international CHI community in person","I enjoyed being able to continue with my daily routine while also participating in the event",NA,NA,NA,NA,NA,NA,NA,NA,NA,NA,"No","No","Somewhat positive",NA,NA,"I felt intimidated or reluctant to post or ask questions in front of everyone","I felt intimidated or reluctant to approach presenters after the presentations to start a conversation",NA,NA,NA,NA,"No",NA,NA,NA,NA,NA,"I liked to take a break from Zoom between sessions",NA,NA,NA,NA,"Yes","Presenters",NA,NA,NA,NA,NA,NA,"Via the zoom chat function",NA,NA,NA,"Yes","Yes","Not sure"
"R_2tyzvtyKkz2fspa","2020-06-23 22:59:27",NA,NA,NA,NA,NA,NA,NA,NA,NA,NA,NA,NA,NA,NA,NA,NA,NA,NA,NA,NA,NA,NA,NA,NA,NA,NA,NA,NA,NA,NA,NA,NA,NA,NA,NA,NA,NA,NA,NA,NA,NA,NA,NA,NA,NA,NA,NA,NA,NA,NA,NA,NA,NA,NA,NA,NA,NA,NA,NA,NA,NA,NA,NA,NA,NA,NA
"R_3gSCdYVd6yOtzBI","2020-06-23 23:50:33","Yes","Yes",NA,NA,NA,NA,NA,NA,NA,NA,NA,NA,NA,NA,NA,NA,NA,NA,NA,NA,NA,NA,NA,NA,NA,NA,NA,NA,NA,NA,NA,NA,NA,NA,NA,NA,NA,NA,NA,NA,NA,NA,NA,NA,NA,NA,NA,NA,NA,NA,NA,NA,NA,NA,NA,NA,NA,NA,NA,NA,NA,NA,NA,NA,NA,NA
"R_3hELpCwCf8HKtg8","2020-06-24 00:27:31","Yes","Yes",NA,NA,NA,NA,NA,NA,NA,NA,NA,NA,NA,NA,NA,NA,NA,NA,NA,NA,NA,NA,NA,NA,NA,NA,NA,NA,NA,NA,NA,NA,NA,NA,NA,NA,NA,NA,NA,NA,NA,NA,NA,NA,NA,NA,NA,NA,NA,NA,NA,NA,NA,NA,NA,NA,NA,NA,NA,NA,NA,NA,NA,NA,NA,NA
"R_2t3SblvhKAKLB7S","2020-06-24 00:41:58","Yes","Yes","Woman","Full-time","Paper sessions","Late Breaking Work (Poster) sessions","Keynote sessions","Panel sessions","Social event - Main room","Social event - Jazz music room","Opening session",NA,"No",NA,NA,NA,NA,NA,NA,NA,NA,"I didn’t have the research funds available",NA,NA,NA,NA,NA,NA,NA,"No","No","Neither positive nor negative","I didn’t experience any issues",NA,NA,NA,NA,NA,NA,NA,"Yes",NA,NA,"Listened to the conversations taking place in these rooms",NA,NA,NA,NA,NA,NA,NA,"Yes",NA,NA,NA,NA,NA,NA,NA,NA,NA,NA,NA,NA,NA,NA
"R_3hsTRtJJiRZqPvy","2020-06-24 02:22:47","Yes","No","Woman","Full-time",NA,NA,NA,NA,NA,NA,NA,NA,NA,NA,NA,NA,NA,NA,NA,NA,NA,NA,NA,NA,NA,NA,NA,NA,NA,NA,NA,NA,NA,NA,NA,NA,NA,NA,NA,NA,NA,NA,NA,NA,NA,NA,NA,NA,NA,NA,NA,NA,NA,NA,NA,NA,NA,NA,NA,NA,NA,NA,NA,NA,NA,NA
"R_3qCAACo8PeMBC1h","2020-06-24 03:46:48","Yes","No","Man","Full-time","Paper sessions",NA,"Keynote sessions",NA,NA,NA,NA,NA,"Yes","I would have much preferred to attend CHI 2020 in person in Hawaii",NA,"I was disappointed because I had arranged to bring my family, partner or friend to Hawaii",NA,"I missed not having the opportunity to network with the international CHI community in person",NA,NA,NA,NA,NA,NA,NA,NA,NA,NA,NA,"Yes (Please specify which events)","Yes",NA,NA,NA,NA,NA,NA,NA,NA,NA,NA,NA,NA,NA,NA,NA,NA,NA,NA,NA,NA,NA,NA,NA,NA,NA,NA,NA,NA,NA,NA,NA,NA,NA,NA,NA
"R_33DtvqDxaYIYZPh","2020-06-24 07:54:45",NA,NA,NA,NA,NA,NA,NA,NA,NA,NA,NA,NA,NA,NA,NA,NA,NA,NA,NA,NA,NA,NA,NA,NA,NA,NA,NA,NA,NA,NA,NA,NA,NA,NA,NA,NA,NA,NA,NA,NA,NA,NA,NA,NA,NA,NA,NA,NA,NA,NA,NA,NA,NA,NA,NA,NA,NA,NA,NA,NA,NA,NA,NA,NA,NA,NA
"R_3ffMJg4BfBVBztB","2020-06-24 18:01:03",NA,NA,NA,NA,NA,NA,NA,NA,NA,NA,NA,NA,NA,NA,NA,NA,NA,NA,NA,NA,NA,NA,NA,NA,NA,NA,NA,NA,NA,NA,NA,NA,NA,NA,NA,NA,NA,NA,NA,NA,NA,NA,NA,NA,NA,NA,NA,NA,NA,NA,NA,NA,NA,NA,NA,NA,NA,NA,NA,NA,NA,NA,NA,NA,NA,NA
"R_3QJdeIwsgsUzRKh","2020-06-24 22:38:02",NA,NA,NA,NA,NA,NA,NA,NA,NA,NA,NA,NA,NA,NA,NA,NA,NA,NA,NA,NA,NA,NA,NA,NA,NA,NA,NA,NA,NA,NA,NA,NA,NA,NA,NA,NA,NA,NA,NA,NA,NA,NA,NA,NA,NA,NA,NA,NA,NA,NA,NA,NA,NA,NA,NA,NA,NA,NA,NA,NA,NA,NA,NA,NA,NA,NA
"R_D03VQFbaIVAIGcx","2020-06-25 05:44:09","Yes","No","Man","Full-time","Paper sessions",NA,"Keynote sessions","Panel sessions",NA,NA,"Opening session","Closing session","No",NA,NA,NA,NA,NA,NA,NA,NA,"I didn’t have the research funds available",NA,NA,NA,NA,NA,NA,NA,"No","No","Somewhat positive","I didn’t experience any issues",NA,NA,NA,NA,NA,NA,NA,"Yes",NA,NA,"Listened to the conversations taking place in these rooms",NA,NA,NA,NA,NA,NA,NA,"No",NA,NA,NA,NA,NA,NA,NA,NA,NA,NA,NA,"Yes","Yes","Yes"
"R_2dBdepDGmxSQHXJ","2020-06-25 15:01:57","Yes","No","Man","Full-time",NA,NA,NA,"Panel sessions",NA,NA,NA,NA,"Yes","I would have much preferred to attend CHI 2020 in person in Hawaii","I was grateful that I didn’t have to travel to Hawaii to present or attend part of the conference",NA,NA,"I missed not having the opportunity to network with the international CHI community in person",NA,NA,NA,NA,NA,NA,NA,NA,NA,NA,NA,"No","Yes","Neither positive nor negative","I didn’t experience any issues",NA,NA,NA,NA,NA,NA,NA,"Yes",NA,"Engaged in informal conversation with other participants or presenters",NA,NA,NA,NA,NA,NA,NA,NA,"Yes","Presenters","Other attendees","Student volunteers",NA,NA,NA,"In Zoom rooms after official sessions had concluded",NA,NA,NA,NA,"Not sure","Yes","Not sure"
"R_1JV2Re7UKDP76ee","2020-06-25 18:39:29","Yes","No","Man","Casual / sessional","Paper sessions",NA,NA,NA,NA,NA,NA,NA,"No",NA,NA,NA,NA,NA,NA,NA,NA,"I didn’t have the research funds available","I wasn’t presenting a paper","I couldn’t justify the time",NA,NA,NA,NA,NA,"No","Yes","Somewhat positive","I didn’t experience any issues",NA,NA,NA,NA,NA,NA,NA,"No",NA,NA,NA,NA,NA,"I liked to take a break from Zoom between sessions","I only dropped in to hear the presentations",NA,NA,NA,"No",NA,NA,NA,NA,NA,NA,NA,NA,NA,NA,NA,"Not sure","No","No"
"R_1d9UKq7A761MPxz","2020-06-25 18:42:56","Yes","Yes","Man","Part-time","Paper sessions",NA,"Keynote sessions","Panel sessions",NA,NA,NA,NA,"Yes",NA,"I was grateful that I didn’t have to travel to Hawaii to present or attend part of the conference",NA,NA,NA,NA,"I have no preference either way",NA,NA,NA,NA,NA,NA,NA,NA,NA,"No","No","Somewhat positive",NA,NA,NA,NA,NA,"I experienced technology issues (e.g. poor connection or unfamiliarity with applications)",NA,NA,"Yes",NA,NA,"Listened to the conversations taking place in these rooms",NA,NA,NA,NA,NA,NA,NA,"No",NA,NA,NA,NA,NA,NA,NA,NA,NA,NA,NA,"Not sure","No","Yes"
"R_3PoEJ8S2ts2DLYC","2020-06-25 18:43:56","Yes","No","Woman","Full-time","Paper sessions",NA,NA,NA,NA,NA,NA,NA,"No",NA,NA,NA,NA,NA,NA,NA,NA,NA,NA,NA,NA,NA,NA,NA,"Other (specify)","Yes (Please specify which events)","Yes","Extremely positive","I didn’t experience any issues",NA,NA,NA,NA,NA,NA,NA,"Yes",NA,NA,"Listened to the conversations taking place in these rooms",NA,NA,NA,NA,NA,NA,NA,"No",NA,NA,NA,NA,NA,NA,NA,NA,NA,NA,NA,"Not sure","No","Not sure"
"R_2SudsgYCVLPi2Ye","2020-06-25 18:49:07","Yes","No","Man","Full-time","Paper sessions",NA,"Keynote sessions","Panel sessions","Social event - Main room",NA,"Opening session","Closing session","No",NA,NA,NA,NA,NA,NA,NA,NA,"I didn’t have the research funds available","I wasn’t presenting a paper",NA,NA,NA,NA,NA,NA,"No","Yes","Extremely positive",NA,NA,NA,NA,NA,NA,NA,"Other (Please specify)","Yes","Asked a presenter or session chair a question","Engaged in informal conversation with other participants or presenters","Listened to the conversations taking place in these rooms",NA,NA,NA,NA,NA,NA,NA,"Yes","Presenters","Other attendees","Student volunteers","Session chairs",NA,NA,"In Zoom rooms after official sessions had concluded","Via the zoom chat function","During the social event",NA,NA,"Yes","Yes","Not sure"
"R_2WHECBKFMg2Ydzn","2020-06-25 19:10:22","Yes","No","Woman","Full-time","Paper sessions",NA,"Keynote sessions",NA,NA,NA,"Opening session",NA,"No",NA,NA,NA,NA,NA,NA,NA,NA,"I didn’t have the research funds available",NA,NA,NA,NA,NA,NA,NA,"No","Yes","Somewhat positive",NA,NA,NA,NA,NA,NA,"I couldn’t see the other person’s face in the poster room (in Mozilla Hubs)",NA,"No",NA,NA,NA,NA,NA,"I liked to take a break from Zoom between sessions",NA,NA,NA,"Other (Please specify)","No",NA,NA,NA,NA,NA,NA,NA,NA,NA,NA,NA,"No","No","No"
"R_27NECkRimQGTxuo","2020-06-25 19:20:06","Yes","Yes","Prefer not to say","Full-time","Paper sessions",NA,"Keynote sessions",NA,NA,NA,NA,NA,"Yes","I would have much preferred to attend CHI 2020 in person in Hawaii",NA,NA,NA,"I missed not having the opportunity to network with the international CHI community in person","I enjoyed being able to continue with my daily routine while also participating in the event",NA,NA,NA,NA,NA,NA,NA,NA,NA,NA,"No","Yes","Somewhat positive",NA,"The zoom rooms were too crowded to make connections with people",NA,NA,NA,NA,NA,NA,"No",NA,NA,NA,NA,NA,NA,NA,NA,"I wanted to be on time for the next session",NA,"Yes",NA,"Other attendees",NA,NA,NA,NA,NA,"Via the zoom chat function",NA,NA,NA,"Not sure","No","No"
"R_3q8dwrsEb1dp6Hy","2020-06-25 19:41:22","Yes","No","Man","Full-time","Paper sessions",NA,NA,NA,NA,NA,NA,NA,"Yes","I would have much preferred to attend CHI 2020 in person in Hawaii",NA,NA,NA,NA,NA,NA,NA,NA,NA,NA,NA,NA,NA,NA,NA,"No","Yes","Somewhat positive","I didn’t experience any issues",NA,NA,NA,NA,NA,NA,NA,"No",NA,NA,NA,NA,NA,"I liked to take a break from Zoom between sessions",NA,NA,NA,NA,"No",NA,NA,NA,NA,NA,NA,NA,NA,NA,NA,NA,"Yes","Yes","Yes"
"R_ac0uImKNA4Z64rT","2020-06-25 20:43:50","Yes","Yes","Man","Part-time","Paper sessions","Late Breaking Work (Poster) sessions","Keynote sessions",NA,NA,NA,NA,NA,"Yes","I would have much preferred to attend CHI 2020 in person in Hawaii","I was grateful that I didn’t have to travel to Hawaii to present or attend part of the conference","I was disappointed because I had arranged to bring my family, partner or friend to Hawaii","I  preferred the localised events like CHI Down Under instead of attending the global event","I missed not having the opportunity to network with the international CHI community in person","I enjoyed being able to continue with my daily routine while also participating in the event","I have no preference either way",NA,NA,NA,NA,NA,NA,NA,NA,NA,"Yes (Please specify which events)","Yes","Somewhat positive","I didn’t experience any issues","The zoom rooms were too crowded to make connections with people","I felt intimidated or reluctant to post or ask questions in front of everyone","I felt intimidated or reluctant to approach presenters after the presentations to start a conversation",NA,NA,NA,NA,"Yes","Asked a presenter or session chair a question","Engaged in informal conversation with other participants or presenters","Listened to the conversations taking place in these rooms","I left because everyone was silent or there was no one there when I tried to join an out-of-session conversation",NA,NA,NA,NA,NA,NA,"Yes","Presenters","Other attendees","Student volunteers","Session chairs",NA,"Mozilla Hubs poster room","In Zoom rooms after official sessions had concluded","Via the zoom chat function","During the social event","Via email or other private messages",NA,"Yes","Yes","Yes"
"R_24vIHdXF0Z6UNRO","2020-06-25 20:52:08","Yes","No","Man","Full-time","Paper sessions","Late Breaking Work (Poster) sessions",NA,NA,NA,NA,NA,NA,"Yes","I would have much preferred to attend CHI 2020 in person in Hawaii","I was grateful that I didn’t have to travel to Hawaii to present or attend part of the conference",NA,NA,NA,"I enjoyed being able to continue with my daily routine while also participating in the event",NA,NA,NA,NA,NA,NA,NA,NA,NA,NA,"Yes (Please specify which events)","No","Extremely positive","I didn’t experience any issues",NA,NA,NA,NA,NA,NA,NA,"No",NA,NA,NA,NA,NA,NA,"I only dropped in to hear the presentations",NA,"I wanted to be on time for the next session",NA,"No",NA,NA,NA,NA,NA,NA,NA,NA,NA,NA,NA,"Not sure","No","Not sure"
"R_2e8MkJNQchTfWxi","2020-06-25 21:30:39","Yes","Yes","Woman","Part-time","Paper sessions",NA,"Keynote sessions",NA,NA,NA,"Opening session",NA,"No",NA,NA,NA,NA,NA,NA,NA,NA,"I didn’t have the research funds available","I wasn’t presenting a paper",NA,NA,NA,NA,NA,NA,"No","No","Extremely positive","I didn’t experience any issues",NA,NA,NA,NA,NA,NA,NA,"No",NA,NA,NA,NA,NA,"I liked to take a break from Zoom between sessions",NA,NA,NA,NA,"No",NA,NA,NA,NA,NA,NA,NA,NA,NA,NA,NA,"Yes","No","Not sure"
"R_TcjoFkd57jYtKgx","2020-06-25 21:34:41","Yes","Yes","Woman","Casual / sessional","Paper sessions",NA,"Keynote sessions","Panel sessions",NA,NA,NA,NA,"No",NA,NA,NA,NA,NA,NA,NA,NA,"I didn’t have the research funds available","I wasn’t presenting a paper",NA,NA,NA,NA,NA,NA,"No","Yes","Extremely positive","I didn’t experience any issues",NA,NA,NA,NA,NA,NA,"Other (Please specify)","Yes",NA,NA,NA,NA,"Other (Please specify)",NA,NA,NA,NA,NA,"No",NA,NA,NA,NA,NA,NA,NA,NA,NA,NA,NA,"Not sure","No","Not sure"
"R_2YzTVNgy3HvtCV2","2020-06-25 23:09:33","Yes","Yes","Woman","Part-time","Paper sessions",NA,NA,NA,NA,NA,NA,NA,"No",NA,NA,NA,NA,NA,NA,NA,NA,"I didn’t have the research funds available",NA,NA,NA,NA,NA,NA,NA,"No","Yes","Somewhat positive","I didn’t experience any issues",NA,NA,NA,NA,NA,NA,NA,"No",NA,NA,NA,NA,NA,NA,"I only dropped in to hear the presentations",NA,NA,NA,"No",NA,NA,NA,NA,NA,NA,NA,NA,NA,NA,NA,"Yes","No","Not sure"
"R_3M51HcQP0DoSdA8","2020-06-25 23:37:09","Yes","No","Man","Full-time","Paper sessions",NA,"Keynote sessions",NA,"Social event - Main room",NA,"Opening session","Closing session","No",NA,NA,NA,NA,NA,NA,NA,NA,NA,"I wasn’t presenting a paper",NA,NA,NA,NA,NA,NA,"Yes (Please specify which events)","Yes","Extremely positive",NA,"The zoom rooms were too crowded to make connections with people",NA,NA,NA,NA,NA,NA,"Yes","Asked a presenter or session chair a question","Engaged in informal conversation with other participants or presenters","Listened to the conversations taking place in these rooms",NA,NA,NA,NA,NA,NA,NA,"Yes",NA,"Other attendees",NA,"Session chairs",NA,NA,"In Zoom rooms after official sessions had concluded",NA,"During the social event",NA,NA,"Yes","No","Yes"
"R_3n8YPG3t8qXD5U8","2020-06-26 00:13:40","Yes","No","Man","Full-time","Paper sessions",NA,"Keynote sessions",NA,"Social event - Main room",NA,NA,NA,"Yes","I would have much preferred to attend CHI 2020 in person in Hawaii",NA,NA,NA,"I missed not having the opportunity to network with the international CHI community in person","I enjoyed being able to continue with my daily routine while also participating in the event",NA,"Other (Please specify)",NA,NA,NA,NA,NA,NA,NA,NA,"Yes (Please specify which events)","Yes","Extremely positive","I didn’t experience any issues",NA,NA,NA,NA,NA,NA,NA,"No",NA,NA,NA,NA,NA,"I liked to take a break from Zoom between sessions",NA,NA,"I wanted to be on time for the next session",NA,"Yes",NA,"Other attendees",NA,"Session chairs",NA,NA,NA,"Via the zoom chat function","During the social event",NA,NA,"Yes","Yes","Not sure"
"R_3szT8o0a5Qm9pMl","2020-06-26 00:23:38","Yes","Yes","Woman","Full-time",NA,NA,"Keynote sessions","Panel sessions",NA,NA,NA,NA,"Yes",NA,"I was grateful that I didn’t have to travel to Hawaii to present or attend part of the conference",NA,"I  preferred the localised events like CHI Down Under instead of attending the global event","I missed not having the opportunity to network with the international CHI community in person","I enjoyed being able to continue with my daily routine while also participating in the event",NA,NA,NA,NA,NA,NA,NA,NA,NA,NA,"No","Yes","Extremely positive","I didn’t experience any issues",NA,NA,NA,NA,NA,NA,NA,"No",NA,NA,NA,NA,NA,NA,"I only dropped in to hear the presentations",NA,NA,NA,"Yes",NA,"Other attendees",NA,NA,NA,NA,NA,"Via the zoom chat function",NA,NA,NA,"Yes","No","No"
"R_2ONhH634afHu7rc","2020-06-26 04:13:48","Yes","No","Man","Full-time","Paper sessions",NA,NA,NA,NA,NA,NA,NA,"No",NA,NA,NA,NA,NA,NA,NA,NA,NA,"I wasn’t presenting a paper","I couldn’t justify the time",NA,NA,"I didn’t know the conference was happening",NA,NA,"No","No","Somewhat positive",NA,"The zoom rooms were too crowded to make connections with people",NA,NA,NA,NA,NA,"Other (Please specify)","No",NA,NA,NA,NA,NA,"I liked to take a break from Zoom between sessions","I only dropped in to hear the presentations",NA,"I wanted to be on time for the next session",NA,"No",NA,NA,NA,NA,NA,NA,NA,NA,NA,NA,NA,"Not sure","No","Not sure"
"R_3RaPBMpkWhgOKlO","2020-06-26 05:46:40",NA,NA,NA,NA,NA,NA,NA,NA,NA,NA,NA,NA,NA,NA,NA,NA,NA,NA,NA,NA,NA,NA,NA,NA,NA,NA,NA,NA,NA,NA,NA,NA,NA,NA,NA,NA,NA,NA,NA,NA,NA,NA,NA,NA,NA,NA,NA,NA,NA,NA,NA,NA,NA,NA,NA,NA,NA,NA,NA,NA,NA,NA,NA,NA,NA,NA
"R_cCOKABSKYYG4Yal","2020-06-26 22:52:31","Yes","No","Man","Casual / sessional","Paper sessions",NA,"Keynote sessions","Panel sessions","Social event - Main room","Social event - Jazz music room","Opening session","Closing session","No",NA,NA,NA,NA,NA,NA,NA,NA,"I didn’t have the research funds available",NA,NA,NA,NA,NA,NA,NA,"No","Yes","Extremely positive","I didn’t experience any issues",NA,NA,NA,NA,NA,NA,NA,"No",NA,NA,NA,NA,NA,NA,"I only dropped in to hear the presentations",NA,"I wanted to be on time for the next session",NA,"No",NA,NA,NA,NA,NA,NA,NA,NA,NA,NA,NA,"Not sure","No","Not sure"
"R_TbYBujaPPtCufWp","2020-06-27 04:23:37","Yes","No","Woman","Full-time","Paper sessions","Late Breaking Work (Poster) sessions",NA,NA,NA,NA,NA,NA,"Yes",NA,NA,NA,NA,"I missed not having the opportunity to network with the international CHI community in person","I enjoyed being able to continue with my daily routine while also participating in the event",NA,NA,NA,NA,NA,NA,NA,NA,NA,NA,"No","Yes","Neither positive nor negative",NA,NA,NA,NA,NA,"I experienced technology issues (e.g. poor connection or unfamiliarity with applications)",NA,NA,"No",NA,NA,NA,NA,NA,"I liked to take a break from Zoom between sessions","I only dropped in to hear the presentations",NA,NA,NA,"Yes",NA,"Other attendees","Student volunteers",NA,NA,"Mozilla Hubs poster room",NA,NA,NA,NA,NA,"Not sure","Yes","Not sure"
"R_2TBDMVmGB6b6WvA","2020-06-27 05:05:29","Yes","Yes","Woman","Full-time","Paper sessions","Late Breaking Work (Poster) sessions",NA,NA,NA,NA,NA,NA,"Yes","I would have much preferred to attend CHI 2020 in person in Hawaii",NA,"I was disappointed because I had arranged to bring my family, partner or friend to Hawaii",NA,NA,NA,NA,NA,NA,NA,NA,NA,NA,NA,NA,NA,"No","Yes","Somewhat positive",NA,NA,NA,NA,NA,NA,NA,"Other (Please specify)","No",NA,NA,NA,NA,NA,"I liked to take a break from Zoom between sessions","I only dropped in to hear the presentations",NA,NA,NA,"No",NA,NA,NA,NA,NA,NA,NA,NA,NA,NA,NA,"Not sure","Yes","No"
"R_1g53zFGtXYuAul4","2020-06-27 15:40:38","Yes","Yes","Woman","Full-time",NA,NA,"Keynote sessions",NA,NA,NA,NA,NA,"No",NA,NA,NA,NA,NA,NA,NA,NA,"I didn’t have the research funds available",NA,NA,NA,NA,NA,NA,NA,"No","No","Extremely positive","I didn’t experience any issues",NA,NA,NA,NA,NA,NA,NA,"No",NA,NA,NA,NA,NA,NA,NA,NA,"I wanted to be on time for the next session",NA,"No",NA,NA,NA,NA,NA,NA,NA,NA,NA,NA,NA,"No","No","No"
"R_2c1MhnqfcVlS7w4","2020-06-27 17:48:29","Yes","Yes","Woman","Other (please specify)","Paper sessions",NA,"Keynote sessions","Panel sessions",NA,NA,NA,NA,"No",NA,NA,NA,NA,NA,NA,NA,NA,"I didn’t have the research funds available",NA,"I couldn’t justify the time",NA,NA,NA,NA,NA,"No","No","Extremely positive","I didn’t experience any issues",NA,NA,NA,NA,NA,NA,NA,"Yes",NA,"Engaged in informal conversation with other participants or presenters",NA,NA,NA,NA,NA,NA,NA,NA,"Yes",NA,"Other attendees",NA,NA,"Other (Please specify)",NA,NA,"Via the zoom chat function",NA,NA,NA,"Yes","Yes","Not sure"
"R_2ZP35YiyXXTNtBC","2020-06-27 18:43:41","Yes","No","Man","Full-time","Paper sessions",NA,NA,NA,NA,NA,NA,NA,"Yes","I would have much preferred to attend CHI 2020 in person in Hawaii",NA,NA,NA,"I missed not having the opportunity to network with the international CHI community in person",NA,NA,NA,NA,NA,NA,NA,NA,NA,NA,NA,"No","No","Somewhat positive","I didn’t experience any issues",NA,NA,NA,NA,NA,NA,NA,"No",NA,NA,NA,NA,NA,NA,"I only dropped in to hear the presentations",NA,"I wanted to be on time for the next session","Other (Please specify)","No",NA,NA,NA,NA,NA,NA,NA,NA,NA,NA,NA,"No","No","No"
"R_2rrzcsQCVRmow5b","2020-06-28 04:51:59","Yes","Yes","Man","Full-time","Paper sessions",NA,"Keynote sessions",NA,"Social event - Main room",NA,NA,NA,"Yes","I would have much preferred to attend CHI 2020 in person in Hawaii",NA,NA,NA,"I missed not having the opportunity to network with the international CHI community in person",NA,NA,NA,NA,NA,NA,NA,NA,NA,NA,NA,"No","Yes","Neither positive nor negative",NA,"The zoom rooms were too crowded to make connections with people",NA,NA,NA,NA,NA,NA,"No",NA,NA,NA,NA,NA,NA,"I only dropped in to hear the presentations",NA,NA,NA,"Yes",NA,"Other attendees",NA,NA,NA,NA,NA,"Via the zoom chat function",NA,NA,NA,"Not sure","No","Not sure"
"R_DRX5wLY0EQcAhW1","2020-06-28 18:04:04","Yes","Yes","Man","Full-time","Paper sessions",NA,"Keynote sessions","Panel sessions",NA,NA,"Opening session",NA,"No",NA,NA,NA,NA,NA,NA,NA,NA,"I didn’t have the research funds available","I wasn’t presenting a paper",NA,NA,NA,NA,NA,NA,"Yes (Please specify which events)","Yes","Somewhat positive",NA,"The zoom rooms were too crowded to make connections with people",NA,NA,NA,NA,NA,NA,"Yes","Asked a presenter or session chair a question",NA,"Listened to the conversations taking place in these rooms",NA,NA,NA,NA,NA,NA,NA,"No",NA,NA,NA,NA,NA,NA,NA,NA,NA,NA,NA,"No","No","No"
"R_DUczAfUWo5z09bj","2020-06-28 18:26:01","Yes","Yes","Woman","Full-time","Paper sessions",NA,NA,NA,NA,NA,NA,NA,"No",NA,NA,NA,NA,NA,NA,NA,NA,"I didn’t have the research funds available","I wasn’t presenting a paper","I couldn’t justify the time","I have caring or health responsibilities/issues that prevent or restrict me from travelling",NA,NA,NA,NA,"No","No","Extremely positive","I didn’t experience any issues",NA,NA,NA,NA,NA,NA,NA,"No",NA,NA,NA,NA,NA,NA,NA,NA,NA,"Other (Please specify)","Yes",NA,NA,"Student volunteers",NA,NA,"Mozilla Hubs poster room",NA,NA,NA,NA,NA,"Yes","Yes","Yes"
"R_3ke8fTbRyY998MX","2020-06-30 10:04:30","No","No","Man","Casual / sessional",NA,NA,NA,NA,NA,"Social event - Jazz music room",NA,NA,"Yes",NA,NA,"I was disappointed because I had arranged to bring my family, partner or friend to Hawaii",NA,NA,NA,NA,NA,NA,NA,NA,NA,NA,NA,NA,NA,"No","Yes","Extremely positive",NA,NA,NA,NA,NA,"I experienced technology issues (e.g. poor connection or unfamiliarity with applications)",NA,NA,"Yes",NA,NA,"Listened to the conversations taking place in these rooms",NA,NA,NA,NA,NA,NA,NA,"Yes","Presenters",NA,NA,NA,NA,"Mozilla Hubs poster room",NA,NA,NA,NA,NA,"No","Yes","Yes"
"R_1iswDuGaVg2XV1G","2020-06-30 11:22:15","Yes","Yes","Prefer not to say","Casual / sessional","Paper sessions",NA,NA,NA,NA,NA,"Opening session","Closing session","No",NA,NA,NA,NA,NA,NA,NA,NA,NA,NA,NA,NA,"I wasn’t interested in attending the whole event",NA,"I am trying to reduce my level of work-related travel",NA,"No","Yes","Extremely positive",NA,"The zoom rooms were too crowded to make connections with people","I felt intimidated or reluctant to post or ask questions in front of everyone",NA,"I sent private messages in the Zoom chat window but didn’t receive a reply","I experienced technology issues (e.g. poor connection or unfamiliarity with applications)",NA,NA,"Yes",NA,NA,NA,NA,"Other (Please specify)",NA,NA,NA,NA,NA,"Yes",NA,NA,NA,"Session chairs",NA,NA,"In Zoom rooms after official sessions had concluded",NA,NA,NA,NA,"Yes","Yes","No"
"R_sHeChB67fwR4Dqp","2020-07-02 05:53:20","Yes","No","Man","Full-time","Paper sessions",NA,NA,NA,NA,NA,NA,NA,"No",NA,NA,NA,NA,NA,NA,NA,NA,NA,NA,"I couldn’t justify the time",NA,"I wasn’t interested in attending the whole event",NA,NA,NA,"No","Yes","Neither positive nor negative","I didn’t experience any issues",NA,NA,NA,NA,NA,NA,NA,"No",NA,NA,NA,NA,NA,"I liked to take a break from Zoom between sessions",NA,NA,NA,NA,"No",NA,NA,NA,NA,NA,NA,NA,NA,NA,NA,NA,"No","No","No"
"R_5iqgKUTCbcdnzHz","2020-07-02 18:31:09","Yes","Yes",NA,NA,NA,NA,NA,NA,NA,NA,NA,NA,NA,NA,NA,NA,NA,NA,NA,NA,NA,NA,NA,NA,NA,NA,NA,NA,NA,NA,NA,NA,NA,NA,NA,NA,NA,NA,NA,NA,NA,NA,NA,NA,NA,NA,NA,NA,NA,NA,NA,NA,NA,NA,NA,NA,NA,NA,NA,NA,NA,NA,NA,NA,NA,NA
"R_2qlbI3zlYJIh1mC","2020-07-02 18:31:59","Yes","Yes",NA,NA,NA,NA,NA,NA,NA,NA,NA,NA,NA,NA,NA,NA,NA,NA,NA,NA,NA,NA,NA,NA,NA,NA,NA,NA,NA,NA,NA,NA,NA,NA,NA,NA,NA,NA,NA,NA,NA,NA,NA,NA,NA,NA,NA,NA,NA,NA,NA,NA,NA,NA,NA,NA,NA,NA,NA,NA,NA,NA,NA,NA,NA,NA
"R_3KPeO8MfMLRAwZS","2020-07-02 18:56:10","Yes","Yes",NA,NA,NA,NA,NA,NA,NA,NA,NA,NA,NA,NA,NA,NA,NA,NA,NA,NA,NA,NA,NA,NA,NA,NA,NA,NA,NA,NA,NA,NA,NA,NA,NA,NA,NA,NA,NA,NA,NA,NA,NA,NA,NA,NA,NA,NA,NA,NA,NA,NA,NA,NA,NA,NA,NA,NA,NA,NA,NA,NA,NA,NA,NA,NA
"R_2uWJSbdfJVJaarv","2020-07-02 19:02:22",NA,NA,NA,NA,NA,NA,NA,NA,NA,NA,NA,NA,NA,NA,NA,NA,NA,NA,NA,NA,NA,NA,NA,NA,NA,NA,NA,NA,NA,NA,NA,NA,NA,NA,NA,NA,NA,NA,NA,NA,NA,NA,NA,NA,NA,NA,NA,NA,NA,NA,NA,NA,NA,NA,NA,NA,NA,NA,NA,NA,NA,NA,NA,NA,NA,NA
"R_1LA9fT7g0W1Uw91","2020-07-02 20:01:58",NA,NA,NA,NA,NA,NA,NA,NA,NA,NA,NA,NA,NA,NA,NA,NA,NA,NA,NA,NA,NA,NA,NA,NA,NA,NA,NA,NA,NA,NA,NA,NA,NA,NA,NA,NA,NA,NA,NA,NA,NA,NA,NA,NA,NA,NA,NA,NA,NA,NA,NA,NA,NA,NA,NA,NA,NA,NA,NA,NA,NA,NA,NA,NA,NA,NA
"R_x6sah5gZGtZjKlb","2020-07-02 20:44:53",NA,NA,NA,NA,NA,NA,NA,NA,NA,NA,NA,NA,NA,NA,NA,NA,NA,NA,NA,NA,NA,NA,NA,NA,NA,NA,NA,NA,NA,NA,NA,NA,NA,NA,NA,NA,NA,NA,NA,NA,NA,NA,NA,NA,NA,NA,NA,NA,NA,NA,NA,NA,NA,NA,NA,NA,NA,NA,NA,NA,NA,NA,NA,NA,NA,NA
"R_2yrTCpwJSofYOhk","2020-07-02 21:15:39","Yes","No",NA,NA,NA,NA,NA,NA,NA,NA,NA,NA,NA,NA,NA,NA,NA,NA,NA,NA,NA,NA,NA,NA,NA,NA,NA,NA,NA,NA,NA,NA,NA,NA,NA,NA,NA,NA,NA,NA,NA,NA,NA,NA,NA,NA,NA,NA,NA,NA,NA,NA,NA,NA,NA,NA,NA,NA,NA,NA,NA,NA,NA,NA,NA,NA
"R_1A2Y9lAszCr35Ad","2020-07-02 22:17:38","Yes","No","Man","Full-time",NA,NA,NA,NA,NA,NA,NA,NA,NA,NA,NA,NA,NA,NA,NA,NA,NA,NA,NA,NA,NA,NA,NA,NA,NA,NA,NA,NA,NA,NA,NA,NA,NA,NA,NA,NA,NA,NA,NA,NA,NA,NA,NA,NA,NA,NA,NA,NA,NA,NA,NA,NA,NA,NA,NA,NA,NA,NA,NA,NA,NA,NA
"R_1MMQgZ7esRKiFXO","2020-07-03 01:06:58",NA,NA,NA,NA,NA,NA,NA,NA,NA,NA,NA,NA,NA,NA,NA,NA,NA,NA,NA,NA,NA,NA,NA,NA,NA,NA,NA,NA,NA,NA,NA,NA,NA,NA,NA,NA,NA,NA,NA,NA,NA,NA,NA,NA,NA,NA,NA,NA,NA,NA,NA,NA,NA,NA,NA,NA,NA,NA,NA,NA,NA,NA,NA,NA,NA,NA
"R_2f7exQbDP90vZbP","2020-07-03 03:44:08",NA,NA,NA,NA,NA,NA,NA,NA,NA,NA,NA,NA,NA,NA,NA,NA,NA,NA,NA,NA,NA,NA,NA,NA,NA,NA,NA,NA,NA,NA,NA,NA,NA,NA,NA,NA,NA,NA,NA,NA,NA,NA,NA,NA,NA,NA,NA,NA,NA,NA,NA,NA,NA,NA,NA,NA,NA,NA,NA,NA,NA,NA,NA,NA,NA,NA
"R_1g873n3EMEzXBXd","2020-07-03 10:19:15","Yes","Yes",NA,NA,NA,NA,NA,NA,NA,NA,NA,NA,NA,NA,NA,NA,NA,NA,NA,NA,NA,NA,NA,NA,NA,NA,NA,NA,NA,NA,NA,NA,NA,NA,NA,NA,NA,NA,NA,NA,NA,NA,NA,NA,NA,NA,NA,NA,NA,NA,NA,NA,NA,NA,NA,NA,NA,NA,NA,NA,NA,NA,NA,NA,NA,NA
"R_2pRBPM222egb2qw","2020-07-03 14:58:55","Yes","Yes","Man","Full-time",NA,NA,"Keynote sessions","Panel sessions",NA,NA,NA,NA,"No",NA,NA,NA,NA,NA,NA,NA,NA,"I didn’t have the research funds available","I wasn’t presenting a paper","I couldn’t justify the time",NA,NA,"I didn’t know the conference was happening",NA,NA,"No","No","Somewhat positive",NA,"The zoom rooms were too crowded to make connections with people",NA,NA,NA,"I experienced technology issues (e.g. poor connection or unfamiliarity with applications)",NA,NA,"No",NA,NA,NA,NA,NA,"I liked to take a break from Zoom between sessions",NA,NA,"I wanted to be on time for the next session",NA,"No",NA,NA,NA,NA,NA,NA,NA,NA,NA,NA,NA,"No","No","Not sure"
"R_2xWQ4pak1SuxNHN","2020-07-03 22:36:13","Yes","Yes",NA,NA,NA,NA,NA,NA,NA,NA,NA,NA,NA,NA,NA,NA,NA,NA,NA,NA,NA,NA,NA,NA,NA,NA,NA,NA,NA,NA,NA,NA,NA,NA,NA,NA,NA,NA,NA,NA,NA,NA,NA,NA,NA,NA,NA,NA,NA,NA,NA,NA,NA,NA,NA,NA,NA,NA,NA,NA,NA,NA,NA,NA,NA,NA
"R_3oyJ2zxMyBu81bh","2020-07-06 08:27:48","Yes","Yes","Man","Full-time",NA,NA,NA,NA,NA,NA,NA,NA,NA,NA,NA,NA,NA,NA,NA,NA,NA,NA,NA,NA,NA,NA,NA,NA,NA,NA,NA,NA,NA,NA,NA,NA,NA,NA,NA,NA,NA,NA,NA,NA,NA,NA,NA,NA,NA,NA,NA,NA,NA,NA,NA,NA,NA,NA,NA,NA,NA,NA,NA,NA,NA,NA
"R_db4UNXfm49F6g3T","2020-07-06 17:39:05",NA,NA,NA,NA,NA,NA,NA,NA,NA,NA,NA,NA,NA,NA,NA,NA,NA,NA,NA,NA,NA,NA,NA,NA,NA,NA,NA,NA,NA,NA,NA,NA,NA,NA,NA,NA,NA,NA,NA,NA,NA,NA,NA,NA,NA,NA,NA,NA,NA,NA,NA,NA,NA,NA,NA,NA,NA,NA,NA,NA,NA,NA,NA,NA,NA,NA
"R_1K7QuphlKRimLBw","2020-07-06 17:39:07","No","No","Prefer not to say","Full-time","Paper sessions",NA,NA,NA,NA,NA,NA,NA,"No",NA,NA,NA,NA,NA,NA,NA,NA,NA,NA,NA,NA,NA,NA,"I am trying to reduce my level of work-related travel",NA,"No","No","Neither positive nor negative",NA,NA,NA,"I felt intimidated or reluctant to approach presenters after the presentations to start a conversation",NA,NA,NA,NA,"Yes",NA,NA,NA,"I left because everyone was silent or there was no one there when I tried to join an out-of-session conversation",NA,NA,NA,NA,NA,NA,"No",NA,NA,NA,NA,NA,NA,NA,NA,NA,NA,NA,NA,NA,NA
"R_3g6OK6jQjN8OOaV","2020-07-06 17:39:07",NA,NA,NA,NA,NA,NA,NA,NA,NA,NA,NA,NA,NA,NA,NA,NA,NA,NA,NA,NA,NA,NA,NA,NA,NA,NA,NA,NA,NA,NA,NA,NA,NA,NA,NA,NA,NA,NA,NA,NA,NA,NA,NA,NA,NA,NA,NA,NA,NA,NA,NA,NA,NA,NA,NA,NA,NA,NA,NA,NA,NA,NA,NA,NA,NA,NA
